-- MySQL dump 10.13  Distrib 8.0.22, for Win64 (x86_64)
--
-- Host: 127.0.0.1    Database: web
-- ------------------------------------------------------
-- Server version	8.0.22

/*!40101 SET @OLD_CHARACTER_SET_CLIENT=@@CHARACTER_SET_CLIENT */;
/*!40101 SET @OLD_CHARACTER_SET_RESULTS=@@CHARACTER_SET_RESULTS */;
/*!40101 SET @OLD_COLLATION_CONNECTION=@@COLLATION_CONNECTION */;
/*!50503 SET NAMES utf8 */;
/*!40103 SET @OLD_TIME_ZONE=@@TIME_ZONE */;
/*!40103 SET TIME_ZONE='+00:00' */;
/*!40014 SET @OLD_UNIQUE_CHECKS=@@UNIQUE_CHECKS, UNIQUE_CHECKS=0 */;
/*!40014 SET @OLD_FOREIGN_KEY_CHECKS=@@FOREIGN_KEY_CHECKS, FOREIGN_KEY_CHECKS=0 */;
/*!40101 SET @OLD_SQL_MODE=@@SQL_MODE, SQL_MODE='NO_AUTO_VALUE_ON_ZERO' */;
/*!40111 SET @OLD_SQL_NOTES=@@SQL_NOTES, SQL_NOTES=0 */;

--
-- Table structure for table `brand`
--

DROP TABLE IF EXISTS `brand`;
/*!40101 SET @saved_cs_client     = @@character_set_client */;
/*!50503 SET character_set_client = utf8mb4 */;
CREATE TABLE `brand` (
  `brand_id` int NOT NULL AUTO_INCREMENT,
  `brand_name` varchar(255) NOT NULL,
  `logo_url` varchar(255) DEFAULT NULL,
  PRIMARY KEY (`brand_id`),
  UNIQUE KEY `brand_name` (`brand_name`)
) ENGINE=InnoDB AUTO_INCREMENT=11 DEFAULT CHARSET=utf8mb4 COLLATE=utf8mb4_0900_ai_ci;
/*!40101 SET character_set_client = @saved_cs_client */;

--
-- Dumping data for table `brand`
--

LOCK TABLES `brand` WRITE;
/*!40000 ALTER TABLE `brand` DISABLE KEYS */;
INSERT INTO `brand` VALUES (1,'Asus','https://firebasestorage.googleapis.com/v0/b/web-programing-288db.appspot.com/o/images%2F91059.jpg?alt=media&token=7425c3a0-154d-4aea-bdcd-864e7c2021b4'),(2,'Dell','https://firebasestorage.googleapis.com/v0/b/web-programing-288db.appspot.com/o/images%2FDell_Logo.svg.png?alt=media&token=3755b1ca-d58a-4148-8803-e006829e32e4'),(3,'Apple',''),(4,'HP','https://firebasestorage.googleapis.com/v0/b/web-programing-288db.appspot.com/o/images%2F1024px-HP_logo_2012.svg.png?alt=media&token=ec949e99-535f-4929-9ccb-5ebc5300589b'),(5,'Huawei','https://firebasestorage.googleapis.com/v0/b/web-programing-288db.appspot.com/o/images%2Ft%E1%BA%A3i%20xu%E1%BB%91ng.png?alt=media&token=7aaf1ce3-4647-4c51-aff9-75e59c0bd2bc'),(7,'Lenovo','https://firebasestorage.googleapis.com/v0/b/web-programing-288db.appspot.com/o/images%2Fkisspng-hewlett-packard-logo-lenovo-computer-software-lenovo-logo-5ac49fb0604651.4490159315228353763944.jpg?alt=media&token=8b1d5870-26cd-41a7-af91-75981015da98'),(8,'Oppo','https://firebasestorage.googleapis.com/v0/b/web-programing-288db.appspot.com/o/images%2Fkisspng-hewlett-packard-logo-lenovo-computer-software-lenovo-logo-5ac49fb0604651.4490159315228353763944.jpg?alt=media&token=8b1d5870-26cd-41a7-af91-75981015da98'),(9,'Realme','https://firebasestorage.googleapis.com/v0/b/web-programing-288db.appspot.com/o/images%2FOppo-Logo.wine.png?alt=media&token=9c248838-700f-4b23-893b-8ea4e97becd2'),(10,'Samsung','https://firebasestorage.googleapis.com/v0/b/web-programing-288db.appspot.com/o/images%2Frealme-02.png?alt=media&token=450e5f2e-aedf-4c35-9d08-0b75254588e8');
/*!40000 ALTER TABLE `brand` ENABLE KEYS */;
UNLOCK TABLES;

--
-- Table structure for table `image_product`
--

DROP TABLE IF EXISTS `image_product`;
/*!40101 SET @saved_cs_client     = @@character_set_client */;
/*!50503 SET character_set_client = utf8mb4 */;
CREATE TABLE `image_product` (
  `product_id` int NOT NULL,
  `url_image` varchar(255) NOT NULL,
  PRIMARY KEY (`product_id`,`url_image`),
  CONSTRAINT `image_product_ibfk_1` FOREIGN KEY (`product_id`) REFERENCES `product` (`product_id`)
) ENGINE=InnoDB DEFAULT CHARSET=utf8mb4 COLLATE=utf8mb4_0900_ai_ci;
/*!40101 SET character_set_client = @saved_cs_client */;

--
-- Dumping data for table `image_product`
--

LOCK TABLES `image_product` WRITE;
/*!40000 ALTER TABLE `image_product` DISABLE KEYS */;
INSERT INTO `image_product` VALUES (12,'https://firebasestorage.googleapis.com/v0/b/web-programing-288db.appspot.com/o/images%2F_0000_20836_laptop_gaming_dell_g15_551_1_.jpg?alt=media&token=656d677e-fe82-46ed-bf60-7d6a18ae1b79'),(12,'https://firebasestorage.googleapis.com/v0/b/web-programing-288db.appspot.com/o/images%2F_0001_20836_laptop_gaming_dell_g15_551_2_.jpg?alt=media&token=0ec0d3e1-6706-430d-beeb-3c4dc0733c43'),(12,'https://firebasestorage.googleapis.com/v0/b/web-programing-288db.appspot.com/o/images%2F_0002_20836_laptop_gaming_dell_g15_551_3_.jpg?alt=media&token=f4397082-4251-4301-b8d6-abf69872ddd3'),(12,'https://firebasestorage.googleapis.com/v0/b/web-programing-288db.appspot.com/o/images%2F_0003_20836_laptop_gaming_dell_g15_551_4_.jpg?alt=media&token=a3280b2b-c5e0-490c-9999-6c52ecd0afbc'),(12,'https://firebasestorage.googleapis.com/v0/b/web-programing-288db.appspot.com/o/images%2F_0004_20836_laptop_gaming_dell_g15_551.jpg?alt=media&token=9dbb8a73-1d6d-435f-8ae1-823353973ef3'),(14,'https://firebasestorage.googleapis.com/v0/b/web-programing-288db.appspot.com/o/images%2F_0002_laptop-dell-inspiron-15-3505-y1n_3__3.jpg?alt=media&token=c292e277-6c71-4ba2-9488-409fa503734b'),(14,'https://firebasestorage.googleapis.com/v0/b/web-programing-288db.appspot.com/o/images%2F_0003_laptop-dell-inspiron-15-3505-y1n_6.jpg?alt=media&token=eead3364-5d65-4756-8e35-764e72e9648f'),(14,'https://firebasestorage.googleapis.com/v0/b/web-programing-288db.appspot.com/o/images%2Flaptop-ksp-v2-dell-15.6.jpg?alt=media&token=0528c28a-3268-4b0a-8f52-3db707165c93'),(15,'https://firebasestorage.googleapis.com/v0/b/web-programing-288db.appspot.com/o/images%2Flaptop-dell-latitude-3520-70251590-1.jpg?alt=media&token=2028f0c2-86ee-4478-947f-cd63e85e664d'),(15,'https://firebasestorage.googleapis.com/v0/b/web-programing-288db.appspot.com/o/images%2Flaptop-dell-latitude-3520-70251590-2.jpg?alt=media&token=dfd8f6e3-b33b-4384-bcd1-bba7766e723f'),(16,'https://firebasestorage.googleapis.com/v0/b/web-programing-288db.appspot.com/o/images%2Flaptop-dell-vostro-3500-p112f002abl-1.jpg?alt=media&token=e2ba0aa7-d12d-4491-9247-e7837e77ca55'),(16,'https://firebasestorage.googleapis.com/v0/b/web-programing-288db.appspot.com/o/images%2Flaptop-dell-vostro-3500-p112f002abl-2.jpg?alt=media&token=24000859-4da1-4fab-acbb-ba43cb849ba7'),(16,'https://firebasestorage.googleapis.com/v0/b/web-programing-288db.appspot.com/o/images%2Flaptop-dell-vostro-3500-p112f002abl-3.jpg?alt=media&token=75b2b67f-9061-4650-ac44-26572aa4fd7d'),(16,'https://firebasestorage.googleapis.com/v0/b/web-programing-288db.appspot.com/o/images%2Flaptop-dell-vostro-3500-p112f002abl-4.jpg?alt=media&token=c782484c-7525-4dba-911b-b5e14a71ad45'),(16,'https://firebasestorage.googleapis.com/v0/b/web-programing-288db.appspot.com/o/images%2Flaptop-dell-vostro-3500-p112f002abl-5.webp?alt=media&token=5397425e-c048-490c-9a18-a41843219c44'),(18,'https://firebasestorage.googleapis.com/v0/b/web-programing-288db.appspot.com/o/images%2F_0001_macbook_pro_13-in_space_gray_with_intel_processor_pure_side_left_screen__usen_4.jpg?alt=media&token=b2e6a4db-3f8b-403d-af5a-9f9e63efb773'),(18,'https://firebasestorage.googleapis.com/v0/b/web-programing-288db.appspot.com/o/images%2F1.PNG?alt=media&token=e4c4750b-8406-4b53-8277-e454ec42414a'),(18,'https://firebasestorage.googleapis.com/v0/b/web-programing-288db.appspot.com/o/images%2Fmbp-silver-select-202011_2_1.jpg?alt=media&token=1cba9141-1732-4f2b-849e-695fdcfe92bf'),(19,'https://firebasestorage.googleapis.com/v0/b/web-programing-288db.appspot.com/o/images%2Fimac-21-5-inch-2020-4k-radeon-560x-2_1_1.jpg?alt=media&token=dd16de4e-a8a7-4e70-a688-6436246ff2ad'),(36,'https://firebasestorage.googleapis.com/v0/b/web-programing-288db.appspot.com/o/images%2FApple%20Macbook%20Pro%2016%20Touch%20Bar%20I7%2Fmacbook-pro-16-inch-2019-1.jpg?alt=media&token=b66c14eb-e930-479f-9760-9f4a4ab60844'),(36,'https://firebasestorage.googleapis.com/v0/b/web-programing-288db.appspot.com/o/images%2FApple%20Macbook%20Pro%2016%20Touch%20Bar%20I7%2Fmacbook-pro-16-inch-2019-2.jpg?alt=media&token=6215d875-8d7c-4404-b2fb-c31eb1de6d3b'),(36,'https://firebasestorage.googleapis.com/v0/b/web-programing-288db.appspot.com/o/images%2FApple%20Macbook%20Pro%2016%20Touch%20Bar%20I7%2Fmacbook-pro-16-inch-2019-3.jpg?alt=media&token=2804dc6b-e3fa-463f-891b-d9ddab1c5652'),(38,'https://firebasestorage.googleapis.com/v0/b/web-programing-288db.appspot.com/o/images%2FLaptop%20ASUS%20ZenBook%20Flip%20UX363EA%2F1.PNG?alt=media&token=9e102414-a543-475a-ace2-798d68be173e'),(38,'https://firebasestorage.googleapis.com/v0/b/web-programing-288db.appspot.com/o/images%2FLaptop%20ASUS%20ZenBook%20Flip%20UX363EA%2Flaptop-ksp-v2-009899.jpg?alt=media&token=ed3419dd-aa01-4254-983a-6d8518302d6b'),(39,'https://firebasestorage.googleapis.com/v0/b/web-programing-288db.appspot.com/o/images%2FM%C3%A1y%20t%C3%ADnh%20AIO%20ASUS%20A5401WRAT%2F_0000_techzones-asus-zen-aio-24-m5401_1__3_1.jpg?alt=media&token=b129697c-6f35-49a6-96e0-1b569ca778e5'),(39,'https://firebasestorage.googleapis.com/v0/b/web-programing-288db.appspot.com/o/images%2FM%C3%A1y%20t%C3%ADnh%20AIO%20ASUS%20A5401WRAT%2F_0002_techzones-asus-zen-aio-24-m5401_4_1.jpg?alt=media&token=2c961239-c010-4975-9fb0-7fb0646891c9'),(39,'https://firebasestorage.googleapis.com/v0/b/web-programing-288db.appspot.com/o/images%2FM%C3%A1y%20t%C3%ADnh%20AIO%20ASUS%20A5401WRAT%2Fzen_aio_24_a5400_product_photo_1b_10_1_1.jpg?alt=media&token=5476cd38-86e5-4921-9a4c-0bd2afe7ab58'),(42,'https://firebasestorage.googleapis.com/v0/b/web-programing-288db.appspot.com/o/images%2FLaptop%20HP%2015-HP%2015%20T-DW300%201A3Y3AV%2F_0000_711soc0pqal._sl1500.jpg?alt=media&token=69a93ac6-0744-4c67-81a5-1bae2790bba4'),(43,'https://firebasestorage.googleapis.com/v0/b/web-programing-288db.appspot.com/o/images%2FLaptop%20HP%20240%20G8%20519A8PA%2F_0002_hp-340s-g7-4_2_6_3.jpg?alt=media&token=9806449e-f29b-40ff-b676-c61d5136e6fa'),(44,'https://firebasestorage.googleapis.com/v0/b/web-programing-288db.appspot.com/o/images%2FLaptop%20HP%20340s%20G7%20240Q4PA%2F_0000_2krja-dqls3pyncwwphuqd90z_bk8-h.jpg?alt=media&token=ebde607d-f9a4-476d-9d42-926e3253dc43'),(44,'https://firebasestorage.googleapis.com/v0/b/web-programing-288db.appspot.com/o/images%2FLaptop%20HP%20340s%20G7%20240Q4PA%2F_0001_screenshot_1.jpg?alt=media&token=22dd83d3-908f-47e2-8aa7-d1174e351fbe'),(44,'https://firebasestorage.googleapis.com/v0/b/web-programing-288db.appspot.com/o/images%2FLaptop%20HP%20340s%20G7%20240Q4PA%2F_0002_screenshot_1_.jpg?alt=media&token=80cdcd8b-28ef-405c-a944-aaa9d20d9f8a'),(44,'https://firebasestorage.googleapis.com/v0/b/web-programing-288db.appspot.com/o/images%2FLaptop%20HP%20340s%20G7%20240Q4PA%2F_0003_screenshot_2_.jpg?alt=media&token=8cf74218-482f-45c8-9ee5-3d0fbecdc392'),(44,'https://firebasestorage.googleapis.com/v0/b/web-programing-288db.appspot.com/o/images%2FLaptop%20HP%20340s%20G7%20240Q4PA%2Flaptop-hp-340s-g7-240q4pa-ksp.jpg?alt=media&token=052b12da-373e-46aa-b515-8d32e2b19611'),(45,'https://firebasestorage.googleapis.com/v0/b/web-programing-288db.appspot.com/o/images%2FLaptop%20HP%20240%20G8%201H7F8AV%2F71hvv3_s1vs._sl1500-001.jpg?alt=media&token=2ff0d538-98ea-4c34-8bf0-452ce13df744'),(45,'https://firebasestorage.googleapis.com/v0/b/web-programing-288db.appspot.com/o/images%2FLaptop%20HP%20240%20G8%201H7F8AV%2Ft_i_xu_ng-001.jpg?alt=media&token=70a3b974-b3f4-475d-8470-9b15213ae3fc'),(46,'https://firebasestorage.googleapis.com/v0/b/web-programing-288db.appspot.com/o/images%2FLaptop%20Lenovo%20Ideapad%203%2015ALC6%2F_0001_3238c109-438f-445c-b9a1-390ad041.jpg?alt=media&token=ae299f41-460b-4651-be2f-5af101601fe0'),(49,'https://firebasestorage.googleapis.com/v0/b/web-programing-288db.appspot.com/o/images%2FLaptop%20Lenovo%20Thinkpad%20X13%20GEN%202%2F_0006_39088_thinkpad_x13_gen_2_intel_c-ksp.jpg?alt=media&token=b47784e6-ce10-49e8-9bf2-1e3ab5e1a608'),(49,'https://firebasestorage.googleapis.com/v0/b/web-programing-288db.appspot.com/o/images%2FLaptop%20Lenovo%20Thinkpad%20X13%20GEN%202%2F_0006_39088_thinkpad_x13_gen_2_intel_c.jpg?alt=media&token=8d6d411c-9915-42b3-a5aa-6b3051907fc0'),(49,'https://firebasestorage.googleapis.com/v0/b/web-programing-288db.appspot.com/o/images%2FLaptop%20Lenovo%20Thinkpad%20X13%20GEN%202%2F1.PNG?alt=media&token=31a59b09-64e5-411c-8e03-12c928893aef'),(49,'https://firebasestorage.googleapis.com/v0/b/web-programing-288db.appspot.com/o/images%2FLaptop%20Lenovo%20Thinkpad%20X13%20GEN%202%2F2.PNG?alt=media&token=62f7d9dc-4e14-4c72-bbed-cef8898189f3'),(51,'https://firebasestorage.googleapis.com/v0/b/web-programing-288db.appspot.com/o/images%2FOppo%20Reno5%205G%2Foppo-reno-5-5g_1_.jpg?alt=media&token=85cdc4eb-53c1-44c2-8888-e81a9ad9e5ae'),(51,'https://firebasestorage.googleapis.com/v0/b/web-programing-288db.appspot.com/o/images%2FOppo%20Reno5%205G%2Foppo-reno-5-5g_2_.jpg?alt=media&token=0db41776-e057-4dad-aefe-d3ef9d8be108'),(52,'https://firebasestorage.googleapis.com/v0/b/web-programing-288db.appspot.com/o/images%2FOppo%20A95%2F00987.jpg?alt=media&token=b8694692-6e50-4389-a266-2ac05c0fa174'),(52,'https://firebasestorage.googleapis.com/v0/b/web-programing-288db.appspot.com/o/images%2FOppo%20A95%2F009876.jpg?alt=media&token=4a662e01-8f32-477f-8949-80416392f71e'),(52,'https://firebasestorage.googleapis.com/v0/b/web-programing-288db.appspot.com/o/images%2FOppo%20A95%2F8hvmtoulnfxtlff6.jpg?alt=media&token=4b135931-5cfe-4280-b88d-0f0e0808d093'),(52,'https://firebasestorage.googleapis.com/v0/b/web-programing-288db.appspot.com/o/images%2FOppo%20A95%2Fbeta_new__product_images__45_front45left_cmyk.jpg?alt=media&token=f095e8c9-53be-43ed-9491-a83fc29ffccb'),(52,'https://firebasestorage.googleapis.com/v0/b/web-programing-288db.appspot.com/o/images%2FOppo%20A95%2Fxy3vibvf60ujroha_1_1.jpg?alt=media&token=2d44dcf8-9e0c-44f6-8e14-a002b028452e'),(52,'https://firebasestorage.googleapis.com/v0/b/web-programing-288db.appspot.com/o/images%2FOppo%20A95%2Fymhlnmxtconc5hpz.jpg?alt=media&token=73d2ab76-806e-4558-830d-bcfa00c055c3'),(57,'https://firebasestorage.googleapis.com/v0/b/web-programing-288db.appspot.com/o/images%2FRealme%208%205G%2Frealme-8-5g_1.jpg?alt=media&token=9dbfc782-ca5e-4014-a840-489cfe63cb8f'),(59,'https://firebasestorage.googleapis.com/v0/b/web-programing-288db.appspot.com/o/images%2FRealme%207%20Pro%2Frealme-7-pro-1.jpg?alt=media&token=55ee5af3-ba2c-4023-944b-27c13bbd6a98'),(59,'https://firebasestorage.googleapis.com/v0/b/web-programing-288db.appspot.com/o/images%2FRealme%207%20Pro%2Frealme-7-pro-2.jpg?alt=media&token=8bf58010-0041-4602-836c-270b0400470a'),(61,'https://firebasestorage.googleapis.com/v0/b/web-programing-288db.appspot.com/o/images%2FSamsung%20Galaxy%20A52s%205G%2F004_galaxy_a52s_5g_product_kv_mint_violet_2p_jpg.jpg?alt=media&token=549fa9bb-3893-4d75-9bf9-c14fd38a0503'),(61,'https://firebasestorage.googleapis.com/v0/b/web-programing-288db.appspot.com/o/images%2FSamsung%20Galaxy%20A52s%205G%2F1536-1024_2__2_10.jpg?alt=media&token=ceb6677b-20cf-4822-886c-a5700a021bb2'),(61,'https://firebasestorage.googleapis.com/v0/b/web-programing-288db.appspot.com/o/images%2FSamsung%20Galaxy%20A52s%205G%2F768-1024.jpg?alt=media&token=140e7d9f-4ad8-4389-8bb0-eb66aa308f11'),(61,'https://firebasestorage.googleapis.com/v0/b/web-programing-288db.appspot.com/o/images%2FSamsung%20Galaxy%20A52s%205G%2Fa52-tim-01.jpg?alt=media&token=21fa0e33-0255-4219-9027-6877c9cd9ff1'),(61,'https://firebasestorage.googleapis.com/v0/b/web-programing-288db.appspot.com/o/images%2FSamsung%20Galaxy%20A52s%205G%2Fa52s-trang-01.jpg?alt=media&token=a58ca777-15fb-43ec-a5c0-97978955b9c8'),(61,'https://firebasestorage.googleapis.com/v0/b/web-programing-288db.appspot.com/o/images%2FSamsung%20Galaxy%20A52s%205G%2Fa52s-xanhla-01.jpg?alt=media&token=8d127b49-e737-46ab-bcfc-a003a920cbfa'),(61,'https://firebasestorage.googleapis.com/v0/b/web-programing-288db.appspot.com/o/images%2FSamsung%20Galaxy%20A52s%205G%2Fuk-feature-setting-a-new-standard-for-stunning-design-496044035-1.jpg?alt=media&token=2b87b228-d45a-4994-a807-12b7ec7c1510'),(62,'https://firebasestorage.googleapis.com/v0/b/web-programing-288db.appspot.com/o/images%2FSamsung%20Galaxy%20S20%20Ultra%2Fs20_ultra_cosmic_white_0000_layer_1.jpg?alt=media&token=8e3947c3-7ba4-4f3a-8b1c-dd64d223aa83'),(63,'https://firebasestorage.googleapis.com/v0/b/web-programing-288db.appspot.com/o/images%2FSamsung%20Galaxy%20A12%2Fmo-hop-galaxy-a12-2.jpg?alt=media&token=7c0bd943-d1ec-43e3-b716-2ed46c5de256'),(63,'https://firebasestorage.googleapis.com/v0/b/web-programing-288db.appspot.com/o/images%2FSamsung%20Galaxy%20A12%2Fsamsung-galaxy-a12_1_.jpg?alt=media&token=ff138f0a-cf23-4f5d-b0db-8d50c6452145'),(63,'https://firebasestorage.googleapis.com/v0/b/web-programing-288db.appspot.com/o/images%2FSamsung%20Galaxy%20A12%2Fsamsung-galaxy-a12_2_.jpg?alt=media&token=cf7e68cb-bb05-4965-9221-beebd5aebad6'),(63,'https://firebasestorage.googleapis.com/v0/b/web-programing-288db.appspot.com/o/images%2FSamsung%20Galaxy%20A12%2Fsamsung-galaxy-a12_3_.jpg?alt=media&token=6b9bf48b-c7d9-4d8e-a7e5-5a3aeee15491'),(63,'https://firebasestorage.googleapis.com/v0/b/web-programing-288db.appspot.com/o/images%2FSamsung%20Galaxy%20A12%2Fsamsung-galaxy-a12-den-3-1-org.jpg?alt=media&token=7fbea53e-812b-4dc6-9a94-b4386974aadf'),(66,'https://firebasestorage.googleapis.com/v0/b/web-programing-288db.appspot.com/o/images%2FiPhone%2013%20Pro%20Max%2F1536-1024_1_19.jpg?alt=media&token=0d49846c-a24a-4d62-b671-ee14ab93e801'),(66,'https://firebasestorage.googleapis.com/v0/b/web-programing-288db.appspot.com/o/images%2FiPhone%2013%20Pro%20Max%2Fiphone_13-_pro-2_2.jpg?alt=media&token=266476f7-d6a1-4021-baa5-7bbd91954c5b'),(66,'https://firebasestorage.googleapis.com/v0/b/web-programing-288db.appspot.com/o/images%2FiPhone%2013%20Pro%20Max%2Fiphone_13-_pro-3_2.jpg?alt=media&token=dae799f0-a540-4546-858c-1b10c2e793ea'),(66,'https://firebasestorage.googleapis.com/v0/b/web-programing-288db.appspot.com/o/images%2FiPhone%2013%20Pro%20Max%2Fiphone-13-pro-max-8_1.jpg?alt=media&token=9bd9b7da-d516-45b9-81de-935c0b605c15'),(70,'https://firebasestorage.googleapis.com/v0/b/web-programing-288db.appspot.com/o/images%2FLaptop%20Dell%20Inspiron%20I3501-5075BLK%2F_0000_6455737ld.jpgmaxheight640maxwidt.jpg?alt=media&token=caba2171-7007-4143-a592-a28222aa9d92'),(70,'https://firebasestorage.googleapis.com/v0/b/web-programing-288db.appspot.com/o/images%2FLaptop%20Dell%20Inspiron%20I3501-5075BLK%2F_0001_6455737cv1d.jpgmaxheight640maxwi.jpg?alt=media&token=e834ba49-4b38-4f99-96fb-cbe82e299e4a');
/*!40000 ALTER TABLE `image_product` ENABLE KEYS */;
UNLOCK TABLES;

--
-- Table structure for table `item_cart`
--

DROP TABLE IF EXISTS `item_cart`;
/*!40101 SET @saved_cs_client     = @@character_set_client */;
/*!50503 SET character_set_client = utf8mb4 */;
CREATE TABLE `item_cart` (
  `user_id` int NOT NULL,
  `product_id` int NOT NULL,
  `number_items` int DEFAULT NULL,
  PRIMARY KEY (`user_id`,`product_id`),
  KEY `product_id` (`product_id`),
  CONSTRAINT `item_cart_ibfk_1` FOREIGN KEY (`user_id`) REFERENCES `user` (`user_id`),
  CONSTRAINT `item_cart_ibfk_2` FOREIGN KEY (`product_id`) REFERENCES `product` (`product_id`)
) ENGINE=InnoDB DEFAULT CHARSET=utf8mb4 COLLATE=utf8mb4_0900_ai_ci;
/*!40101 SET character_set_client = @saved_cs_client */;

--
-- Dumping data for table `item_cart`
--

LOCK TABLES `item_cart` WRITE;
/*!40000 ALTER TABLE `item_cart` DISABLE KEYS */;
INSERT INTO `item_cart` VALUES (13,12,1),(15,14,1);
/*!40000 ALTER TABLE `item_cart` ENABLE KEYS */;
UNLOCK TABLES;

--
-- Table structure for table `item_orders`
--

DROP TABLE IF EXISTS `item_orders`;
/*!40101 SET @saved_cs_client     = @@character_set_client */;
/*!50503 SET character_set_client = utf8mb4 */;
CREATE TABLE `item_orders` (
  `product_id` int NOT NULL,
  `order_id` int NOT NULL,
  `number_items` int DEFAULT NULL,
  `price_per_item_in_time_order` int DEFAULT NULL,
  PRIMARY KEY (`order_id`,`product_id`),
  KEY `product_id` (`product_id`),
  CONSTRAINT `item_orders_ibfk_1` FOREIGN KEY (`product_id`) REFERENCES `product` (`product_id`),
  CONSTRAINT `item_orders_ibfk_2` FOREIGN KEY (`order_id`) REFERENCES `orders` (`order_id`)
) ENGINE=InnoDB DEFAULT CHARSET=utf8mb4 COLLATE=utf8mb4_0900_ai_ci;
/*!40101 SET character_set_client = @saved_cs_client */;

--
-- Dumping data for table `item_orders`
--

LOCK TABLES `item_orders` WRITE;
/*!40000 ALTER TABLE `item_orders` DISABLE KEYS */;
INSERT INTO `item_orders` VALUES (12,16,1,650),(38,16,1,1103),(61,16,1,474),(12,17,1,650),(38,17,1,1103),(61,17,1,474),(16,18,1,935),(17,19,1,1012),(14,20,1,900),(48,21,1,3239),(14,22,1,900),(18,23,1,1800),(18,24,1,1800),(12,32,1,650),(36,32,1,1872),(71,32,1,2299),(12,33,1,650),(36,33,1,1872),(71,33,1,2299),(15,34,1,1020),(16,34,1,935),(17,34,3,1012);
/*!40000 ALTER TABLE `item_orders` ENABLE KEYS */;
UNLOCK TABLES;

--
-- Table structure for table `orders`
--

DROP TABLE IF EXISTS `orders`;
/*!40101 SET @saved_cs_client     = @@character_set_client */;
/*!50503 SET character_set_client = utf8mb4 */;
CREATE TABLE `orders` (
  `order_id` int NOT NULL AUTO_INCREMENT,
  `user_id` int DEFAULT NULL,
  `first_name` varchar(255) DEFAULT NULL,
  `last_name` varchar(255) DEFAULT NULL,
  `time_order` mediumtext,
  `address_order` text,
  `phone_order` varchar(11) DEFAULT NULL,
  `email_order` varchar(255) DEFAULT NULL,
  `notes` text,
  `type_payment` text,
  PRIMARY KEY (`order_id`),
  KEY `user_id` (`user_id`),
  CONSTRAINT `orders_ibfk_1` FOREIGN KEY (`user_id`) REFERENCES `user` (`user_id`)
) ENGINE=InnoDB AUTO_INCREMENT=35 DEFAULT CHARSET=utf8mb4 COLLATE=utf8mb4_0900_ai_ci;
/*!40101 SET character_set_client = @saved_cs_client */;

--
-- Dumping data for table `orders`
--

LOCK TABLES `orders` WRITE;
/*!40000 ALTER TABLE `orders` DISABLE KEYS */;
INSERT INTO `orders` VALUES (16,8,'Vu','le tuan','1638166783697','dak nong','0919523753','vu@gmail.com','nhe tay dum','bank_transfer'),(17,8,'Vu','le tuan','1638166798362','dak nong','0919523753','vu@gmail.com','nhe tay dum','bank_transfer'),(18,8,'Vu','le tuan','1638167014437','dak nong','0919523753','vu@gmail.com','','bank_transfer'),(19,8,'Vu','le tuan','1638177379147','dak nong','0919523753','vu@gmail.com','','bank_transfer'),(20,8,'Vu','le tuan','1638179823118','dak nong','0919523753','vu@gmail.com','','bank_transfer'),(21,15,'Viễn','Nguyễn Thế Viễn','1638182543236','99 Phú Mỹ, quận Bình Thạnh, TP.HCM','0367190549','thevien898@gmail.com','Hàng dễ vỡ nên nhẹ tay','receive_payment'),(22,15,'Viễn','Nguyễn Thế Viễn','1638182800304','99 Phú Mỹ, quận Bình Thạnh, TP.HCM','0367190549','thevien898@gmail.com','Hàng dễ vỡ','bank_transfer'),(23,8,'Vu','Lê Tuấn ','1638197599786','dak nong','0919523753','vu@gmail.com','','momo'),(24,8,'Vu','Lê Tuấn ','1638197640409','dak nong','0919523753','vu@gmail.com','','bank_transfer'),(32,8,'Vũ','Lê','1638238908786','dak nong','0919523753','vu@gmail.com','giao nhanh lên','bank_transfer'),(33,8,'Vũ','Lê','1638239566441','dak nong','0919523753','vu@gmail.com','','bank_transfer'),(34,8,'Vũ','Lê','1638244018597','dak nong','0919523753','vu@gmail.com','','receive_payment');
/*!40000 ALTER TABLE `orders` ENABLE KEYS */;
UNLOCK TABLES;

--
-- Table structure for table `product`
--

DROP TABLE IF EXISTS `product`;
/*!40101 SET @saved_cs_client     = @@character_set_client */;
/*!50503 SET character_set_client = utf8mb4 */;
CREATE TABLE `product` (
  `product_id` int NOT NULL AUTO_INCREMENT,
  `brand_id` int DEFAULT NULL,
  `title_product` varchar(255) NOT NULL,
  `main_image_url` varchar(255) DEFAULT NULL,
  `price` int DEFAULT NULL,
  `discount_percent` int DEFAULT NULL,
  `type_of_product` varchar(255) DEFAULT NULL,
  `cpu` varchar(255) DEFAULT NULL,
  `ram` varchar(255) DEFAULT NULL,
  `hard_disk` varchar(255) DEFAULT NULL,
  `gpu` varchar(255) DEFAULT NULL,
  `screen` varchar(255) DEFAULT NULL,
  `operating_system` varchar(255) DEFAULT NULL,
  `design_description` varchar(255) DEFAULT NULL,
  `release_time` text,
  `dimension_weight` varchar(255) DEFAULT NULL,
  `description_detail` mediumtext,
  `sim_description` text,
  `pin_charge` text,
  `front_camera` text,
  `back_camera` text,
  PRIMARY KEY (`product_id`),
  UNIQUE KEY `title_product` (`title_product`),
  KEY `brand_id` (`brand_id`),
  CONSTRAINT `product_ibfk_1` FOREIGN KEY (`brand_id`) REFERENCES `brand` (`brand_id`)
) ENGINE=InnoDB AUTO_INCREMENT=73 DEFAULT CHARSET=utf8mb4 COLLATE=utf8mb4_0900_ai_ci;
/*!40101 SET character_set_client = @saved_cs_client */;

--
-- Dumping data for table `product`
--

LOCK TABLES `product` WRITE;
/*!40000 ALTER TABLE `product` DISABLE KEYS */;
INSERT INTO `product` VALUES (12,2,'Laptop Dell Gaming G15','https://firebasestorage.googleapis.com/v0/b/web-programing-288db.appspot.com/o/images%2F_0004_20836_laptop_gaming_dell_g15_551.jpg?alt=media&token=17dada15-5b84-4bf6-b904-af3968864f3d',1000,50,'laptop','AMD Ryzen 5 - 5600H','8 GB','256 GB SSD NVMe PCIe (Có thể tháo ra, lắp thanh khác tối đa 2TB (2280) / 1TB (2230))Không hỗ trợ khe cắm HDD','RTX 3050 4GB','15.6\"Full HD (1920 x 1080)120Hz','Windows 11 Home SL + Office Home & Student 2021 vĩnh viễn','Dài 357.26 mm - Rộng 272.11 mm - Dày 26.9 mm - Nặng 2.8 kg','2021','1.5','Laptop Dell Gaming G15 5515 R5 5600H (P105F004CGR) sở hữu thiết kế tinh tế với sắc xám thời thượng cùng cấu hình được thiết lập đầy mạnh mẽ, luôn trong trạng thái sẵn sàng cùng bạn giải quyết mọi việc.','',' 3-cell Li-ion, 56 Wh','8MG',''),(14,2,'Laptop Dell Vostro 3500 P90F006CBL','https://firebasestorage.googleapis.com/v0/b/web-programing-288db.appspot.com/o/images%2F_0003_laptop-dell-inspiron-15-3505-y1n_6.jpg?alt=media&token=d7be35de-dffa-4d18-b5ae-f015bcbdeb89',1000,10,'laptop','Intel Core i5-1135G7 2.4GHz up to 4.2GHz 8MB','8GB','512GB SSD M.2 PCIE','NVIDIA GeForce MX330 2GB GDDR5','1920 x 1080 pixels (FullHD)','Windows 10 Home SL','Thiết kế mỏng nhẹ, màn hình sắc nét tươi sáng','2021','1.5','Là một trong những mẫu laptop văn phòng được đông đảo người dùng săn đón, laptop Dell Vostro 3500 P90F006CBL sở hữu thiết kế mỏng nhẹ cùng cấu hình vô cùng ấn tượng. Bên cạnh đó hiệu năng ổn định giúp xử lý các tác vụ cơ bản được mượt mà giúp bạn hoàn thành công việc một cách tối đa.','363.96 x 249 x 19.9 mm','','',''),(15,2,'Laptop Dell Latitude 3520 70251590','https://firebasestorage.googleapis.com/v0/b/web-programing-288db.appspot.com/o/images%2Flaptop-dell-latitude-3520-70251590-1.jpg?alt=media&token=ee35ccc2-60e3-4997-b005-73ea5d0ee467',1200,15,'laptop','Intel Core i7-1165G7 (2.80GHz up to 4.70GHz, 12MB Cache)','8GB','256GB SSD M.2 PCIe NVMe Gen3 x4','Intel Iris Xe Graphics','1920 x 1080 pixels (FullHD)','FreeOS','Màn hình 15.6 inch FHD hiển thị sắc nét','2021','1.5','Laptop là phụ kiện quan trọng trong học tập và công việc, do đó việc tìm kiếm một mẫu laptop cấu hình mạnh có thể đáp ứng nhiều nhu cầu sử dụng từ làm việc đến giải trí là một điều quan trọng. Nếu bạn đang tìm kiếm một mẫu laptop thì hãy tham khảo đến laptop Dell Latitude 3520 70251590, mẫu laptop nhỏ gọn với hiệu năng cao đáp ứng tốt nhiều nhu cầu sử dụng.','','3 Cell, 41Whr','',''),(16,2,'Laptop Dell Vostro 3500 P112F002ABL','https://firebasestorage.googleapis.com/v0/b/web-programing-288db.appspot.com/o/images%2Flaptop-dell-vostro-3500-p112f002abl-1.jpg?alt=media&token=59ca5d33-02f6-4fc3-9994-a0023570601e',1100,15,'laptop','Intel Core i5-1135G7 (8M Cache, 2.4GHz, Turbo Boost 4.2GHz)','8GB','512GB M.2 PCIe NVMe SSD','Nvidia MX350 2GB GDDR5','Full HD','Windows 10 Home SL','Thiết kế đơn giản với màu đen sang trọng, chất liệu cứng cáp','2021','1.5','Nếu bạn yêu thích một chiếc laptop có kiểu dáng đơn giản nhưng vẫn sở hữu sức mạnh vượt trội để đáp ứng tốt các nhu cầu làm việc, giải trí thì laptop Dell Vostro 3500 P112F002ABL chính là một sự lựa chọn tốt mà bạn nên tham khảo.','','','',''),(17,2,'Laptop Dell Alienware M15 R6 P109F001ABL','https://firebasestorage.googleapis.com/v0/b/web-programing-288db.appspot.com/o/images%2Fdownload_18__2.png?alt=media&token=d6889b27-8d78-4b06-8a1d-b53050cf45c5',1100,8,'laptop','Intel® Core™ i7-11800H, upto 4.60GHz, 8 nhân 16 luồng, 24MB Cache','32GB','1TB PCIe M.2 SSD','nVidia Geforce RTX 3060 6GB GDDR6','2560 x 1440 pixels (2K)','Windows 10 Home','Hiệu năng cực mạnh với CPU Intel Core thế hệ 11 và bộ nhớ RAM lớn','2021','1.5','Laptop Dell Alienware M15 R6 P109F001ABL sở hữu màn hình 2K với tần số quét 240Hz cho độ hiển thị mượt mà đáng kinh ngạc. Hơn nữa là sự kết hợp giữa CPU Intel Core thế hệ 11 và đồ họa GeForce RTX 30-series đưa mọi trải nghiệm chơi game của bạn lên tầm cao mới.','','86Wh','',''),(18,3,'Apple MacBook Pro 13 Touch Bar M1','https://firebasestorage.googleapis.com/v0/b/web-programing-288db.appspot.com/o/images%2Fmbp-silver-select-202011_2_1.jpg?alt=media&token=2ef4e8ed-1fd0-43ec-b58f-b941b79487db',2000,10,'laptop','8 nhân với 4 nhân hiệu năng cao và 4 nhân tiết kiệm điện','16GB','512GB SSD','8-core GPU','2560 x 1600 pixels (2K)','macOS Big Sur','Dòng máy được xem là bước nhảy vọt trong hiệu suất hoạt động, giúp tối ưu công việc của bạn một cách hiệu quả nhất!','2020','1.5','Apple MacBook Pro 13 Touch Bar M1 16GB 512GB 2020 mang đến một thiết kế vô cùng sang trọng đẳng cấp. Toàn bộ chiếc Macbook Pro 2020 M1 đều được thiết kế bằng kim loại nguyên khối nhưng vẫn đảm bảo được độ gọn nhẹ vượt trọn. Không chỉ có thiết kế tinh tế, mà chiếc laptop này còn mang đến hiệu năng vượt trội, đáp ứng được đầy đủ công việc của người dùng.','','58.2-watt-hour lithium-polymer, 61W USB-C Power Adapter','',''),(19,3,'Apple iMac 27 5K 2020 i5','https://firebasestorage.googleapis.com/v0/b/web-programing-288db.appspot.com/o/images%2F1.PNG?alt=media&token=c3da8487-c7f5-4b90-9136-3cc89fd32eb9',2005,7,'laptop','3.3GHz 6‑core 10th-generation Intel Core i5, Turbo Boost up to 4.8GHz','8GB','512GB SSD','Radeon Pro 5300 with 4GB of GDDR6 memory','5120 x 2880 pixels','MacOS','Apple iMac 27 5K 2020 i7 3.8 8GB 512GB Radeon 5500XT Chính Hãng mang đến một thiết kế đặc trưng vô cùng ấn tượng','2020','1.5','Apple iMac 27 5K 2020 i5 3.3 8GB 512GB Radeon 5300 Chính Hãng mang đến một thiết kế tối giản nhưng vẫn đảm bảo được nét đẹp sang trọng và đẳng cấp. Ngoài ra, bộ máy của iMac 2020 cũng được tích hợp một bộ vi xử lý vô cùng ấn tượng, giúp đáp ứng được nhiều nhu cầu khác nhau của người dùng.','','','',''),(36,3,'Apple Macbook Pro 16 Touch Bar I7','https://firebasestorage.googleapis.com/v0/b/web-programing-288db.appspot.com/o/images%2FApple%20Macbook%20Pro%2016%20Touch%20Bar%20I7%2FmainImage%2Fmacbook-pro-16-inch-2019-3.jpg?alt=media&token=0ce33bbf-e4e7-4d7e-9f89-1006cf894faa',2400,22,'laptop','Intel Core i7 2.6GHz 6‑core, Turbo Boost up to 4.5GHz, with 12MB shared L3 cache','16GB','512GB SSD','AMD Radeon Pro 5300M with 4GB of GDDR','3072 x 1920 pixels','MacOS','Màn hình kích thước lớn, tản nhiệt vượt trội','2019','1.5','Chiếc máy tính phá vỡ mọi quy tắc và giới hạn lộ diện bởi thương hiệu không còn xa lạ đó là Macbook pro 2019. Macbook Pro 16 inch 2019 Touch Bar sở hữu cấu hình siêu mạnh, màn hình lớn cùng với đó là bàn phím mới mang đến nhiều tiện ích.','','100-watt-hour lithium-polyme','',''),(37,1,'Laptop ASUS ZenBook UX425EA-KI818T','https://firebasestorage.googleapis.com/v0/b/web-programing-288db.appspot.com/o/images%2FLaptop%20ASUS%20ZenBook%20UX425EA-KI818T%2FmainImage%2Flaptop-asus-zenbook-ux425ea-ki818t.jpg?alt=media&token=758a48c1-7f8f-4888-a8b0-4b83e77fcb5f',1199,8,'laptop','Intel Core i5-1135G7 2.4GHz up to 4.2GHz 8MB','16GB','512GB SSD M.2 PCIE G3X2','Intel Iris Xe Graphics','1920 x 1080 pixels (FullHD)','Windows 10 Home SL','Hiệu năng mạnh mẽ, tốc độ tăng theo công việc hàng ngày.','2020','1.5','Laptop ASUS ZenBook UX425EA-KI818T là một chiếc PC với đầy đủ những tính năng mạnh mẽ và vẻ ngoài có vẻ đẹp ấn tượng của thiết kế mang tính thẩm mỹ, giúp nâng tầm trải nghiệm tất cả trong một của bạn.','','4 Cell 67WHr Lithium-Polymer','',''),(38,1,'Laptop ASUS ZenBook Flip UX363EA','https://firebasestorage.googleapis.com/v0/b/web-programing-288db.appspot.com/o/images%2FLaptop%20ASUS%20ZenBook%20Flip%20UX363EA%2FmainImage%2Flaptop-ksp-v2-009899.jpg?alt=media&token=366dbcbc-152b-4411-818f-34084d10ccf5',1199,8,'laptop','Intel Core i7-1165G7 2.8GHz up to 4.7GHz 12MB','16GB','512GB SSD PCIE G3x4','Intel Iris Xe Graphics','1920 x 1080 pixels (FullHD)','Windows 11 Home SL','Hiệu năng mạnh mẽ, tốc độ tăng theo công việc hàng ngày','2021','1.5','Laptop ASUS ZenBook Flip UX363EA là một chiếc PC với đầy đủ những tính năng mạnh mẽ và vẻ ngoài có vẻ đẹp ấn tượng của thiết kế mang tính thẩm mỹ, giúp nâng tầm trải nghiệm tất cả trong một của bạn.','','4 Cell 67WHr','',''),(39,1,'Máy tính AIO ASUS A5401WRAT','https://firebasestorage.googleapis.com/v0/b/web-programing-288db.appspot.com/o/images%2FM%C3%A1y%20t%C3%ADnh%20AIO%20ASUS%20A5401WRAT%2FmainImage%2F_0002_techzones-asus-zen-aio-24-m5401_4_1.jpg?alt=media&token=7473ba04-b268-42f3-8f97-6a8bbca7f798',999,6,'laptop','Intel Core 5-10500U (12MB Cache, upto 3.80GHz )','8GB','SSD 512GB','VGA OnBoard','1920 x 1080 pixels (FullHD)','Windows 10 Home SL','Hiệu năng mạnh mẽ, tốc độ tăng theo công việc hàng ngày','2021','1.5','Máy tính All in One ASUS A5401WRAT BA020T là một chiếc PC với đầy đủ những tính năng mạnh mẽ và vẻ ngoài có vẻ đẹp ấn tượng của thiết kế mang tính thẩm mỹ, giúp nâng tầm trải nghiệm tất cả trong một của bạn.','','','',''),(41,1,'Laptop ASUS TUF Gaming FA506QR-AZ003T','https://firebasestorage.googleapis.com/v0/b/web-programing-288db.appspot.com/o/images%2FLaptop%20ASUS%20TUF%20Gaming%20FA506QR-AZ003T%2FmainImage%2Flaptop-asus-tuf-gaming-fa506qm-hn016t-1_2-ksp.jpg?alt=media&token=16a7a97f-8b44-4f73-b1c9-85678c82ae79',1299,8,'laptop','AMD Ryzen 7 5800H 3.20GHz up to 4.40GHz, 8 nhân 16 luồng','16GB','512GB PCIE SSD','NVIDIA® GeForce RTX™ 3070 8GB GDDR6','1920 x 1080 pixels (FullHD)','Windows 10 Home SL','Thiết kế đậm chất gaming','2021','1.5','Laptop Asus Gaming FA506QR-AZ003T là chiếc laptop gaming hạng nặng với bộ vi xử lý mới nhất của AMD kết hợp với GPU Nvidia mới nhất cùng thiết lập âm thanh tổng thể tuyệt vời. Tất cả đã tạo nên siêu phẩm laptop đẳng cấp nhà gaming.','','4Cell 90WHrs','',''),(42,4,'Laptop HP 15-HP 15 T-DW300 1A3Y3AV','https://firebasestorage.googleapis.com/v0/b/web-programing-288db.appspot.com/o/images%2FLaptop%20HP%2015-HP%2015%20T-DW300%201A3Y3AV%2FmainImage%2F_0002_71uokxzytel._sl1500_-ksp.jpg?alt=media&token=c96404bb-1aa5-4de2-a23e-05548ffb196a',799,10,'laptop','Core i5 1135G7 2.4Ghz-8Mb','8GB','256 GB PCIe® NVMe™ M.2 SSD','Intel® Iris® Xe Graphics','1366 x 768 pixels (HD+)','Windows 10 Home SL','Thiết kế mỏng nhẹ sang trọng, màn hình kích thước lớn','2020','1.5','Mỏng nhẹ là yếu tố quan trọng đối với các dòng laptop văn phòng. Với laptop HP 15-HP 15 T-DW300 1A3Y3AV, không chỉ sở hữu một thiết kế mỏng nhẹ, laptop còn được trang bị một cấu hình ổn định mang lại khả năng xử lý công việc nhanh chóng','','3-cell, 41 Wh','',''),(43,4,'Laptop HP 240 G8 519A8PA','https://firebasestorage.googleapis.com/v0/b/web-programing-288db.appspot.com/o/images%2FLaptop%20HP%20240%20G8%20519A8PA%2FmainImage%2Flaptop-ksp--i3-ksp.jpg?alt=media&token=9f552057-39d5-498f-88c3-ad9b4f3ee76f',599,8,'laptop','Intel Core i3 1005G1','4GB','512GB SSD PCIe (M.2 2280)','512GB SSD PCIe (M.2 2280)','512GB SSD PCIe (M.2 2280)','Windows 10 Home SL','Tính linh hoạt cao trên đa phương diện','2020','1.5','Laptop HP 240 G8 519A8PA là laptop chính hãng HP với thiết kế sang trọng cùng hiệu năng vượt trội. Laptop rất thích hợp để sử dụng cho học sinh sinh viên hoặc nhân viên văn phòng.','','3 Cell Int (41.04Wh)','',''),(44,4,'Laptop HP 340s G7 240Q4PA','https://firebasestorage.googleapis.com/v0/b/web-programing-288db.appspot.com/o/images%2FLaptop%20HP%20340s%20G7%20240Q4PA%2FmainImage%2Flaptop-hp-340s-g7-240q4pa-ksp.jpg?alt=media&token=6a93ea2e-4184-44fe-bebc-8b5e65d8cf7f',499,40,'laptop','Intel Core i3-1005G1','4GB','256 GB PCIe® NVMe™ SSD','Intel UHD Graphics','1920 x 1080 pixels (FullHD)','Windows 10 Home SL','\nThiết kế đơn giản với sắc xám trang nhã và bền bỉ','2020','1.5','Nếu bạn đang có nhu cầu với một chiếc laptop phục vụ cho học tập hay công việc văn phòng thì không nên bỏ qua laptop HP 340s G7 240Q4PA sở hữu vẻ ngoài trang nhã, cấu hình đủ dùng. Hãy đến với CellphoneS để cùng khám phá mọi hiệu năng của chiếc laptop HP ProBook này nhé!','','3-cell, 41 Wh','',''),(45,4,'Laptop HP 240 G8 1H7F8AV','https://firebasestorage.googleapis.com/v0/b/web-programing-288db.appspot.com/o/images%2FLaptop%20HP%20240%20G8%201H7F8AV%2FmainImage%2Ft_i_xu_ng-001.jpg?alt=media&token=75215a49-51f4-431d-b27d-c96b3610752f',499,8,'laptop','	Intel® Core™ i3-1005G1 (1.2 GHz, up to 3.4 GHz 4 MB L3 cache, 2 nhân)','4GB','1TB HDD','Intel® UHD Graphics','1080 x 1920 pixels (FullHD)','Windows 10 Home','Kiểu dáng sang trọng, màn hình chất lượng','2020','1.5','Laptop HP 240 G8 1H7F8AV là sản phẩm laptop công sở - laptop sinh viên thích hợp trong tầm giá.','','Sạc kèm máy 45W','',''),(46,7,'Laptop Lenovo Ideapad 3 15ALC6','https://firebasestorage.googleapis.com/v0/b/web-programing-288db.appspot.com/o/images%2FLaptop%20Lenovo%20Ideapad%203%2015ALC6%2FmainImage%2F_0000_71cghoz8ats._ac_sl1500-ksp.jpg?alt=media&token=b1094d2d-1a6a-43ef-943c-bae27103bd9a',799,8,'laptop','AMD Ryzen 5 5500U (6C / 12T, 2.1 / 4.0GHz, 3MB L2 / 8MB L3)','8GB','256GB SSD M.2 2242 PCIe 3.0x4 NVMe','Integrated AMD Radeon Graphics','1920 x 1080 pixels (FullHD)','Windows 10 Home SL','Tinh hoa thiết kế, gọn nhẹ dễ di chuyển.','2021','1.5','Laptop đến từ thương hiệu Lenovo luôn thể hiện được sự đẳng cấp trong thiết kế, nhã nhặn và lịch thiệp vô cùng. Không những thế, hiệu năng cũng không hề kém cạnh, bạn có thể hoàn thành tốt công việc với một chiếc laptop thương hiệu này. Nổi bật trong đó phải kể đến laptop Lenovo Ideapad 3 15ALC6 82KU00A9US.','','45Wh','',''),(48,7,'Laptop Lenovo Legion 7 16ACHG6 82N60039VN','https://firebasestorage.googleapis.com/v0/b/web-programing-288db.appspot.com/o/images%2FLaptop%20Lenovo%20Legion%207%2016ACHG6%2082N60039VN%2FmainImage%2F_0005_lenovo-legion-7-16achg6-82n60039-ksp.jpg?alt=media&token=ce8fdc4d-a31a-4ea0-83d3-0dad3bcb81e4',3599,90,'laptop','AMD Ryzen 9 5900HX 3.3GHz up to 4.6GHz 16MB','32GB','	1TB SSD M.2 2280 PCIe 3.0x4 NVMe (Còn trống 1 khe SSD M.2 PCIE)','NVIDIA GeForce RTX 3080 16GB GDDR6','2560 x 1600 pixel (2K)','Windows 10 Home SL','Con chip dòng H mang lại hiệu năng vượt trội.','2021','1.5','Laptop Lenovo Legion 7 16ACHG6 82N60039VN là một trong những số ít chiếc laptop được trang bị bộ xử lý di động AMD Ryzen ™ 5000 H-Series hoàn toàn mới. Hiệu suất cực khủng hỗ trợ chơi game đỉnh cao, tiết kiệm tối đa năng lượng và xử lý dữ liệu đỉnh cao. Đây là gợi ý tuyệt vời nếu bạn đang cần một chiếc laptop uy tín trong làm việc và thư giãn.','','4 Cell 80 WHr','',''),(49,7,'Laptop Lenovo Thinkpad X13 GEN 2','https://firebasestorage.googleapis.com/v0/b/web-programing-288db.appspot.com/o/images%2FLaptop%20Lenovo%20Thinkpad%20X13%20GEN%202%2FmainImage%2F_0006_39088_thinkpad_x13_gen_2_intel_c-ksp.jpg?alt=media&token=814c6711-b920-4a5f-bf0d-03a222c31ee3',1899,60,'laptop','Intel Core i7-1165G7 (up to 4.7Ghz, 12MB)','8GB','512GB SSD M.2 NVMe','Intel Iris Xe Graphics','2560 x 1600 pixels (2K)','Free OS','Nhỏ gọn tinh tế, màn hình ấn tượng.','2021','1.5','Bạn đang tìm kiếm chiếc laptop sang trọng cùng hiệu năng làm việc ổn định và nhanh chóng. Ban đang tìm kiếm laptop có thể hỗ trợ bạn đạt kết quả cao trong học tập cũng như công việc thì laptop Lenovo Thinkpad X13 GEN 2 là lựa chọn vô cùng phù hợp.','','3 Cell, 41Wh','',''),(50,7,'Laptop Lenovo Yoga 6 13ALC6 82ND0034VN','https://firebasestorage.googleapis.com/v0/b/web-programing-288db.appspot.com/o/images%2FLaptop%20Lenovo%20Yoga%206%2013ALC6%2082ND0034VN%2FmainImage%2F_0000_techzones-lenovo-yoga-6-13alc6-r_1_ksp.jpg?alt=media&token=ce428086-b342-4437-8f31-7986dd8433ca',1199,30,'laptop','AMD Ryzen 5 5500U (6C / 12T, 2.1 / 4.0GHz, 3MB L2 / 8MB L3)','8GB','512GB SSD M.2 2242 PCIe 3.0x4 NVMe','AMD Radeon Graphics','1920 x 1080 pixels (FullHD)','Windows 10 Home SL','Hiệu năng ấn tượng và hiệu suất làm mát thông minh.','2021','1.5','Laptop Lenovo Yoga 6 13ALC6 82ND0034VN là mẫu laptop được thiết kế siêu mỏng nhẹ. Bên cạnh đó là màu đen sang trọng cùng  hiệu năng ấn tượng nhờ bộ vi xử lý Ryzen. Tất cả sẽ giúp người dùng xử lý nhanh chóng và mượt mà các công việc hàng ngày.','','Integrated 60Wh','',''),(51,8,'Oppo Reno5 5G','https://firebasestorage.googleapis.com/v0/b/web-programing-288db.appspot.com/o/images%2FOppo%20Reno5%205G%2FmainImage%2Foppo-reno-5-5g_1_.jpg?alt=media&token=a62590b3-6787-4f60-878b-07cce994c57f',499,8,'smartphone','8 nhân: 1x2.4 GHz Kryo 475 Prime & 1x2.2 GHz Kryo 475 Gold & 6x1.8 GHz Kryo 475 Silver','8 GB','Qualcomm SM7250 Snapdragon 765G (7 nm)','Adreno 620','1080 x 2400 pixels (FullHD+)','ColorOS 11.1, Nền tảng Android 11','Chip Snapdragon 765G, hỗ trợ 5G','2020','1.5','Bạn yêu thích thiết kế điện thoại OPPO Reno5 nhưng muốn sử dụng công nghệ 5G thế hệ mới. Vậy hãy tham khảo phiên bản nâng cấp OPPO Reno5 5G với thiết kế không thay đổi cùng khả năng hỗ trợ 5G.','2 SIM (Nano-SIM)','4300mAh (Typ), Sạc siêu nhanh','32 MP, F/2.4','64 MP + 8 MP + 2 MP + 2 MP'),(52,8,'Oppo A95','https://firebasestorage.googleapis.com/v0/b/web-programing-288db.appspot.com/o/images%2FOppo%20A95%2FmainImage%2Fcombo_a95_-_b_c_-_cmyk.jpg?alt=media&token=50f065a8-7653-4287-a685-18a5a990b5ec',399,8,'smartphone','up to 2GHz, 8 nhân','8 GB','Qualcomm® Snapdragon™ 662','Qualcomm® Adreno™ GPU 610','1080 x 2400 pixels (FullHD+)','ColorOS 11.1, Android 11','Màn hình Super AMOLED FullHD+ 6.43 inches, hiển thị sắc nét','2021','1.5','Mới đây, Oppo vừa tiết lộ thông tin sẽ cho ra mắt một “tân binh mới” thuộc dòng A của hãng đó là Oppo A95. Nếu bạn đang tìm kiếm cho mình chiếc điện thoại thông minh mang tính đột phá so với các dòng cũ thì với chiếc máy này, hãng đã tập trung nâng cao hiệu suất tối đa và đường nét thiết kế sang trọng, tinh tế hơn thì đây sẽ là lựa chọn thông minh dành cho bạn.','2 SIM (Nano-SIM)','5000mAh','16MP, f/2.4','	Camera chính: 48MP, f/1.7, AF Camera chân dung: 2MP, f/2.4 Camera macro: 2MP, f/2.4'),(53,8,'Oppo A74','https://firebasestorage.googleapis.com/v0/b/web-programing-288db.appspot.com/o/images%2FOppo%20A74%2FmainImage%2Foppo-a74-black-10-200x200.jpg?alt=media&token=cf76553d-f282-47f8-b2e4-eae87712f3d9',349,8,'smartphone','	8 nhân (4x2.0 GHz Kryo 260 Gold & 4x1.8 GHz Kryo 260 Silver)','8 GB','Qualcomm Snapdragon 662, tối đa 2.0GHz','Adreno 610','1080 x 2400 pixels (FullHD+)','Android 11, ColorOS 11.1','Duy trì thiết kế siêu mỏng ấn tượng cùng trọng lượng siêu nhẹ.','2021','1.5','Oppo A74 là phiên bản nâng cấp tiếp theo của mẫu Oppo A73 và Oppo A73 5G. Phiên bản điện thoại OPPO mới này được trang bị màn hình kích thước lớn, sử dụng tấm nền AMOLED chất lượng cùng với hiệu năng cải thiện nhờ trang bị vi xử lý Snapdragon thế hệ mới. Hứa hẹn là mẫu điện thoại tầm trung đáng mua trong phân khúc.','2 SIM (Nano-SIM)','Li-Po 5000 mAh','16 MP, f/2.4','Camera chính: 48 MP, f/1.7 Camera cận cảnh: 2 MP, f/2.4 Camera đơn sắc: 2 MP, f/2.4'),(54,8,'OPPO Reno6 5G','https://firebasestorage.googleapis.com/v0/b/web-programing-288db.appspot.com/o/images%2FOPPO%20Reno6%205G%2FmainImage%2Freno6_1.jpg?alt=media&token=96cbf4cc-522c-40ef-baa1-15f4e5f3378b',599,8,'smartphone','2x2.4 GHz Cortex-A78 & 6x2.0 GHz Cortex-A55','8 GB','MT6877 Dimensity 900 5G (6 nm)','PowerVR GM9446','1080 x 2400 pixels (FullHD+)','Android 11, ColorOS 11.3','Thiết kế thời trang, sang trọng đầy ấn tượng.','2021','1.5','Tiếp theo phần ra mắt của series Reno 5 thì Oppo lại chuẩn bị trình làng mẫu smartphone mới nhất mang tên Reno6. Thiết kế sang trọng cấu hình mạnh mẽ với chipset Dimensity 900, OPPO Reno6 5G sẽ mang đến cho người dùng trải nghiệm mượt mà.','2 SIM (Nano-SIM)','Li-P0 4300 mAh','32 MP, f/2.4','Camera góc rộng: 64 MP, f/1.7, PDAF Camera góc siêu rộng: 8 MP, f/2.2'),(55,8,'OPPO Find X3 Pro 5G','https://firebasestorage.googleapis.com/v0/b/web-programing-288db.appspot.com/o/images%2FOPPO%20Find%20X3%20Pro%205G%2FmainImage%2Foppo-find-x3-pro-5g-2_2.jpg?alt=media&token=f5afdab7-92ef-4613-9669-a676235b2985',999,8,'smartphone','8 nhân (1x2.84 GHz Kryo 680 & 3x2.42 GHz Kryo 680 & 4x1.80 GHz Kryo 680)','12 GB','Snapdragon 888 (5 nm)','Adreno 660','1440 x 3216 pixels (QHD+)','ColorOS 11.2, nền tảng Android 11','Hoàn thiện nguyên khối, màn hình 2K rực rỡ.','2021','1.5','Find X là dòng sản phẩm được OPPO chăm chút nhiều nhất, đặc biệt là những công nghệ hoàn toàn hiện đại. Bằng chứng Find X3 Pro mang đến vẻ ngoài mới, camera selfie được ẩn dưới màn hình, cùng cấu hình mạnh mẽ đến từ chip Snapdragon 865.','2 SIM (Nano-SIM)','4500mAh','32 MP, f/2.4, 26mm (wide), 1/2.8\", 0.8µm','Camera chính: 50 MP, f/1.8, 1/1.56\", 1.0µm, PDAF, OIS Camera tele: 13 MP, f/2.4, 52mm PDAF, zoom quang 5x Camera góc rộng: 50 MP, f/2.2, 110˚, 1/1.56\", 1.0µm, omnidirectional PDAF Camera macro: 3 MP, f/3.0'),(56,9,'Realme C25Y','https://firebasestorage.googleapis.com/v0/b/web-programing-288db.appspot.com/o/images%2FRealme%20C25Y%2FmainImage%2Frealme-c25y-2.jpg?alt=media&token=11cea0a0-dde2-409d-8401-99b07c54082e',199,6,'smartphone','2x1.8 GHz Cortex-A75 & 6x1.8 GHz Cortex-A55','4 GB','Spreadtrum T610 8 nhân','Mali-G52','720 x 1600 pixel','Android 11, Realme UI R','Màn hình notch thời thượng, kích thước lớn.','2020','1.5','Realme liên tục khiến người dùng ấn tượng với những mẫu smartphone giá rẻ, độc đáo. Trong lần ra mắt này, Realme mang đến thị trường thiết kế mang tên Realme C25Y. Điểm nổi bật nhất đó chính là pin lớn, sạc nhanh và có ba camera sau. Điện thoại Realme này hắc chắn sẽ mang đến cho người dùng những trải nghiệm ấn tượng vượt trội so với mức giá thành.','2 SIM (Nano-SIM)','5000 mAh','8 MP, f/2.0','Camera góc rộng: 50 MP, f/1.8, PDAF Camera cận cảnh: 2 MP, f/2.4 Camera cảm biến độ sâu: 2 MP, f/2.4'),(57,9,'Realme 8 5G','https://firebasestorage.googleapis.com/v0/b/web-programing-288db.appspot.com/o/images%2FRealme%208%205G%2FmainImage%2Frealme-8-5g_1.jpg?alt=media&token=606477ac-8940-4299-965e-f2ac428d2efa',299,8,'smartphone','4 nhân 2.2 GHz & 4 nhân 2.0 GHz','8 GB','MediaTek Dimensity 700 5G 8 nhân','Mali-G57 MC2','1080 x 2400 pixels (FullHD+)','Android 11, Realme UI 2.0','Vẻ ngoài thời thượng và linh hoạt cùng màn hình 6.5 inch FHD+','2021','1.5','Linh hoạt, thời thượng và mạnh mẽ ở mọi yếu tố, Realme 8 5G không chỉ là bản nâng cấp đáng chú ý từ Realme 8, mà còn là chiếc smartphone hỗ trợ 5G với giá rẻ dành cho tất cả người dùng công nghệ hiện nay.','2 SIM (Nano-SIM)','Li-Po 5000 mAh','16 MP, f/2.5, 1/3.0\", 1.0µm','Chính 48 MP & Phụ 2 MP, 2 MP'),(58,9,'Realme C11 (2021)','https://firebasestorage.googleapis.com/v0/b/web-programing-288db.appspot.com/o/images%2FRealme%20C11%20(2021)%2FmainImage%2Fdownload_15_5.jpg?alt=media&token=93ce59f9-4225-4d6b-b46d-0fb476030554',119,50,'smartphone','8 nhân, xung nhịp lên đến 1.6GHz','2 GB','Unisoc SC9863A','IMG 8322','750 x 1560 pixel','Android Go','Màn hình 6.52 inch với kính Gorilla Glass 3 bền bỉ','2021','1.5','Với người dùng có nhu cầu đọc báo, lướt web, nghe nhạc hay thực hiện công việc cơ bản, Realme C11 sẽ là chiếc smartphone đáp ứng tốt những nhu cầu trên với mức giá vô cùng phải chăng.','2 SIM (Nano-SIM)','5000mAh','5 MP + f/2.4','8MP + f/2.0'),(59,9,'Realme 7 Pro','https://firebasestorage.googleapis.com/v0/b/web-programing-288db.appspot.com/o/images%2FRealme%207%20Pro%2FmainImage%2Frealme-7-pro-1.jpg?alt=media&token=55066e34-1e87-4432-a0d7-22c34cc2c281',399,35,'smartphone','A76 2.3GHz ×2 A55 1.8GHz ×6','8 GB','Qualcomm® Snapdragon™ 720G','Adreno 618','1080 x 2400 pixels (FullHD+)','realme UI 1.0 - Android 10','Thiết kế sang trọng, màn hình Super Amoled 6.44 inch FHD+.','2021','1.5','Realme được xem là hãng sản xuất điện thoại thông minh có thể nói đang nằm trong top đầu các hãng sản xuất. Thời gian gần đây, hãng đã cho ra mắt một chiếc điện thoại Realme 7 Pro mới bên cạnh Realme 7 thường với những thông số kỹ thuật nâng cấp đáng kể tạo nên hiệu năng mạnh mẽ, đáp ứng mọi nhu cầu sử dụng của người dùng.','2 SIM (Nano-SIM)','4500 mAh, SuperDart Hỗ trợ sạc 65W','Sony 32MP + f/2.5','Camera chính: 64MP + f/1.8 Sony IMX682 Camera góc rộng: 8MP + f/2.3 Camera siêu cận: 2MP + f/2.4 Camera chân dung: 2MP + f/2.4'),(60,9,'Realme 8','https://firebasestorage.googleapis.com/v0/b/web-programing-288db.appspot.com/o/images%2FRealme%208%2FmainImage%2F1.PNG?alt=media&token=2e917ed6-7942-4b9e-8f2f-2c0c4399c526',399,5,'smartphone','8 nhân (2x2.05 GHz Cortex-A76 & 6x2.0 GHz Cortex-A55)','8 GB','Mediatek Helio G95 (12 nm)','Mali-G76 MC4','1080 x 2400 pixels (FullHD+)','Android 11, Realme UI 2.0','Thiết kế sang trọng cùng màn hình Super AMOLED 6.4 inch.','2021','1.5','Realme là một thương hiệu điện thoại đang dần nhận được sự quan tâm từ người dùng khi hãng luôn cho ra mắt các sản phẩm có nhiều điểm nổi bật trong thiết kế và cấu hình, dẫn đầu xu hướng. Và với Realme 8 vừa ra mắt cùng với Realme 8 Pro cao cấp hơn, người dùng sẽ có cơ hội để trải nghiệm thêm một sản phẩm tuyệt vời của hãng.','2 SIM (Nano-SIM)','Li-Po 5000 mAh','16 MP, f/2.5, 1/3.0\", 1.0µm','Camera chính: 64 MP, f/1.8, 26mm, 1/1.73\", 0.8µm, PDAF Camera góc siêu rộng: 8 MP, f/2.3, 119˚, 16mm, 1/4.0\", 1.12µm Camera xóa phông: 2 MP, f/2.4 Camera xóa phông: 2 MP, f/2.4'),(61,10,'Samsung Galaxy A52s 5G','https://firebasestorage.googleapis.com/v0/b/web-programing-288db.appspot.com/o/images%2FSamsung%20Galaxy%20A52s%205G%2FmainImage%2Fa52s-trang-01.jpg?alt=media&token=c2000af3-a128-4d9c-bc83-833d874a44b5',499,5,'smartphone','1 nhân 2.4 GHz, 3 nhân 2.2 GHz & 4 nhân 1.9 GHz','8 GB','Snapdragon 778G 5G 8 nhân','Adreno 642L','1080 x 2400 pixels (FullHD+)','Android 11, One UI 3.1','Thiết kế tinh xảo, đứng đầu xu hướng.','2021','1.5','Samsung A52s 5G là phiên bản nâng cấp của Galaxy A52. Máy không chỉ được thừa hưởng thiết kế tinh tế và ấn tượng của phiên bản đi trước mà chúng còn được nâng cấp khá nhiều về trang bị và tính năng. Chắc chắn đây sẽ là chiếc smartphone mang đến cho người dùng những trải nghiệm thú vị khó quên.','2 SIM (Nano-SIM)','4500 mAh','32 MP (f2.2)','Camera chính: 64 MP (f/1.8) OIS Camera góc siêu rộng: 12MP (f2.2) Camera Macro chụp cận cảnh: 5MP (f/2.2) Camera xóa phông: 5MP (f/2.4)'),(62,10,'Samsung Galaxy S20 Ultra','https://firebasestorage.googleapis.com/v0/b/web-programing-288db.appspot.com/o/images%2FSamsung%20Galaxy%20S20%20Ultra%2FmainImage%2Fs20_ultra_cosmic_white_0000_layer_1.jpg?alt=media&token=8f92ed28-1d41-4efd-a9bc-a4885e2a4bb4',799,5,'smartphone','Octa-core (2x2.73 GHz Mongoose M5 & 2x2.50 GHz Cortex-A76 & 4x2.0 GHz Cortex-A55)','12 GB','Exynos 990 (7 nm+)','Mali-G77 MP11','1440 x 3200 pixels (QHD+)','Android 10, One UI 2','Phiên bản giới hạn, màu trắng thiên vân mang lại sự thanh lịch.','2021','1.5','Samsung S20 ultra, Plus ra mắt đầu năm 2020 chỉ với hai màu cơ bản là đen và xám. Mới đây, hãng điện thoại Samsung đã cho ra mắt phiên bản màu sắc mới - Samsung Galaxy S20 Ultra trắng thiên vân đầy sang trọng. Và mới đây thôi, gã khổng lồ công nghệ Hàn Quốc cũng vừa cho ra mắt Samsung Galaxy S20 FE dành riêng cho fan của Samsung với nhiều màu sắc độc đáo, nhiều tính năng mới.','2 SIM (Nano-SIM)','Li-Po 5000 mAh battery, Fast charging 45W, USB Power Delivery 3.0, Fast Qi/PMA wireless charging 15W, Reverse wireless charging 9W','108 MP, f/1.8, 26mm (wide), 1/1.33\", 0.8µm, PDAF, OIS 48 MP, f/3.5, 103mm (periscope telephoto), 1/2.0\", 0.8µm, PDAF, OIS, 4x optical zoom, 10x hybrid zoom 12 MP, f/2.2, 13mm (ultrawide), 1.4µm, Super Steady video','40 MP, f/2.2, 26mm (wide), 0.7µm, PDAF'),(63,10,'Samsung Galaxy A12','https://firebasestorage.googleapis.com/v0/b/web-programing-288db.appspot.com/o/images%2FSamsung%20Galaxy%20A12%2FmainImage%2Fsamsung-galaxy-a12_2_.jpg?alt=media&token=30ad42e8-4a8d-40a2-83ef-c9d6fbeb0e05',299,70,'smartphone','8 nhân (2.3 GHz, 1.8 GHz)','4 GB','Helio G35','PowerVR GE8320','720 x 1560 pixes','Android 10','Thiết kế đơn giản, 4 phiên bản màu, vân tay cạnh bên.','2020','1.5','Samsung A12 là một chiếc smartphone giá rẻ nhưng sở hữu cấu hình ổn định cùng với viên pin 5000mAh cho thời lượng suốt ngày dài. Bên cạnh đó điện thoại cũng sở hữu thiết kế thời trang và phù hợp với xu hướng.','2 SIM (Nano-SIM)','Li-Po 5000 mAh, sạc nhanh 15W','8 MP, f/2.2','Camera góc rộng: 48 MP, f/2.0, 26mm, AF Camera góc siêu rộng: 5 MP, f/2.2, 123˚ Camera chụp cận cảnh: 2 MP, f/2.4 Camera xóa phông: 2 MP, f/2.4'),(64,10,'Samsung Galaxy A22 4G','https://firebasestorage.googleapis.com/v0/b/web-programing-288db.appspot.com/o/images%2FSamsung%20Galaxy%20A22%204G%2FmainImage%2Fa22-2.jpg?alt=media&token=e215c43a-0658-4f6a-9323-f0bb1b48d72d',299,8,'smartphone','Vi xử lý 8 nhân, xung nhịp 2.2Ghz','6 GB','MediaTek Helio G80','Mali-G52','720 x 1600 pixel','Android','Thiết kế cứng cáp, mặt lưng gradient trẻ trung và năng động.','2021','1.5','Samsung A22 ra mắt tiếp nối sự thành công của người tiền nhiệm để lại với việc trang bị một màn hình lớn cùng bộ tứ camera mạnh mẽ trong phân khúc smartphone giá ré. Phiên bản Galaxy A năm nay là sự nâng cấp về mặt hiệu năng giúp mang đến những trải nghiệm tốt hơn cho người dùng.','2 SIM (Nano-SIM)','5000mAh','13 MP','Camera chính: 48 MP, f/1.8 Camera góc siêu rộng 123°: 8 MP, f/2.2 Camera chụp cận cảnh: 2 MP, f/2.4 Camera xóa phông: 2 MP, f/2.4'),(65,3,'iPhone 12 64GB','https://firebasestorage.googleapis.com/v0/b/web-programing-288db.appspot.com/o/images%2FiPhone%2012%2064GB%2FmainImage%2Fiphone-12_2__3.jpg?alt=media&token=aab99c8c-dd78-4a14-acbe-42d343341267',999,8,'smartphone','Hexa-core','4 GB','Apple A14 Bionic (5 nm)','Apple GPU (4-core graphics)','1170 x 2532 pixels','iOS 14.1 hoặc cao hơn','Phiên bản iPhone 12 thường sở hữu nhiều điểm mới đặc biệt là về thiết kế và cấu hình so với các thế hệ trước đó.','2020','1.5','Dù Apple vừa giới thiệu dòng điện thoại iPhone 13 series tuy nhiên iPhone 12 vẫn đang là một trong những sự lựa chọn hàng đầu ở thời điểm hiện tại. Chiếc flagship năm 2020 của \"Táo khuyết\" đang nhận được rất nhiều sự quan tâm của người dùng bởi mức giá dễ tiếp cận hơn so với thời điểm ra mắt, đồng thời được trang bị cấu hình, màn hình, camera ấn tượng trong tầm giá.','2 SIM (nano‑SIM và eSIM)','Li-Ion, sạc nhanh 20W, sạc không dây 15W, USB Power Delivery 2.0','12 MP, f/2.2, 23mm (wide), 1/3.6\" SL 3D, (depth/biometrics sensor)','12 MP, f/1.6, 26mm (wide), 1.4µm, dual pixel PDAF, OIS 12 MP, f/2.4, 120˚, 13mm (ultrawide), 1/3.6\"'),(66,3,'iPhone 13 Pro Max','https://firebasestorage.googleapis.com/v0/b/web-programing-288db.appspot.com/o/images%2FiPhone%2013%20Pro%20Max%2FmainImage%2Fiphone_13-_pro-2_2.jpg?alt=media&token=06a47bb9-b7dd-48e9-942e-fe2e29c61794',1399,10,'smartphone','','6 GB','Apple A15','GPU 5 nhân','2778 x 1284 pixel','iOS15','Thiết kế cạnh phẳng sang trọng, nhiều màu sắc nổi bật.','2021','1.5','Điện thoại iPhone 13 phiên bản Pro Max chắc chắn sẽ là chiếc smartphone cao cấp được quan tâm nhiều nhất trong năm 2021. Dòng iPhone 13 series vừa được ra mắt vào tháng 9 năm nay với 4 phiên bản: iPhone 13, 13 mini, 13 Pro và 13 Pro Max.','2 SIM (nano‑SIM và eSIM)','4,325mAh','12MP, ƒ/2.2','Camera góc rộng: 12MP, ƒ/1.5 Camera góc siêu rộng: 12MP, ƒ/1.8 Camera tele : 12MP, /2.8'),(67,3,'iPhone 13 mini','https://firebasestorage.googleapis.com/v0/b/web-programing-288db.appspot.com/o/images%2FiPhone%2013%20mini%2FmainImage%2Fiphone-13-02_6.jpg?alt=media&token=65426d11-e59c-4081-8552-24e4b1e4d7d5',999,8,'smartphone','','4 GB','Apple A15','GPU 4 nhân','1080 x 2340 pixels (FullHD+)','iOS15','Thiết kế nhỏ gọn, khung viền vuông vắn.','2021','1.5','Tương tự như iPhone 12 Series, iPhone 13 cũng sẽ được trang bị một phiên bản thu nhỏ mang tên iPhone 13 mini. Mẫu iPhone nhỏ gọn với nhiều cải tiến so với iPhone 12 mini tiền nhiệm.','2 SIM (nano‑SIM và eSIM)','2,406mAh','12MP, f/2.2','Camera góc rộng: 12MP, f/1.6 Camera góc siêu rộng: 12MP, ƒ/2.4'),(68,3,'iPhone 12 mini','https://firebasestorage.googleapis.com/v0/b/web-programing-288db.appspot.com/o/images%2FiPhone%2012%20mini%2FmainImage%2Fiphone-12_2_.jpg?alt=media&token=02121e49-345b-4773-ba49-6873144efb15',599,25,'smartphone','Hexa-core','4 GB','Apple A14 Bionic (5 nm)','Apple GPU (4-core graphics)','1080 x 2340 pixels (FullHD+)','iOS 14.1 hoặc cao hơn','Viền máy vát phẳng cùng màn hình tai thỏ 5.4 inch','2020','1.5','iPhone 12 series hiện nay đang là thế hệ smartphone hiện đại nhất của Apple, vẻ đẹp từ thiết kế, và sức hấp dẫn của các tính năng hiện đại mà dòng máy này sở hữu khiến người dùng công nghệ toàn cầu ‘đứng ngồi không yên”. iPhone 12 Mini tuy là phiên bản thấp nhất, nhưng chiếc smartphone này vẫn sở hữu những ưu điểm vượt trội về sự tiện lợi, linh động khi sử dụng và tính năng sạc nhanh cùng camera chất lượng cao.\niPhone 12 series hiện nay đang là thế hệ smartphone hiện đại nhất của Apple, vẻ đẹp từ thiết kế, và sức hấp dẫn của các tính năng hiện đại mà dòng máy này sở hữu khiến người dùng công nghệ toàn cầu ‘đứng ngồi không yên”. iPhone 12 Mini tuy là phiên bản thấp nhất, nhưng chiếc smartphone này vẫn sở hữu những ưu điểm vượt trội về sự tiện lợi, linh động khi sử dụng và tính năng sạc nhanh cùng camera chất lượng cao.','2 SIM (nano‑SIM và eSIM)','Li-Ion, sạc nhanh 20W, sạc không dây 15W, USB Power Delivery 2.0','12 MP, f/2.2, 23mm (wide), 1/3.6\" SL 3D, (depth/biometrics sensor)','12 MP, f/1.6, 26mm (wide), 1.4µm, dual pixel PDAF, OIS 12 MP, f/2.4, 120˚, 13mm (ultrawide), 1/3.6\"'),(69,3,'iPhone XR 128GB','https://firebasestorage.googleapis.com/v0/b/web-programing-288db.appspot.com/o/images%2FiPhone%20XR%20128GB%2FmainImage%2Fapple-iphone-xr-64-gb-chinh-hang-vn_4__1.jpg?alt=media&token=800ec419-9043-40f2-ba2c-2ebed66f48c8',789,8,'smartphone','Hexa-core','3 GB','Apple A12 Bionic','Apple GPU','1792 x 828 pixel','iOS 12','Smartphone thiết kế tinh tế, nhiều màu sắc.','2020','1.5','Bạn đang cần một chiếc iPhone thế hệ mới, với những tính năng mới nhất, thiết kế tinh tế, cấu hình mạnh nhất, nhưng với một mức giá tốt hơn rất nhiều? Hãy để tâm đến iPhone XR 128GB. Đây là một thiết bị iPhone không thể bỏ qua với những nhu cầu thiết yếu trên.','Nano-SIM','2942mAh','7MP','12MP'),(70,2,'Laptop Dell Inspiron I3501-5075BLK','https://firebasestorage.googleapis.com/v0/b/web-programing-288db.appspot.com/o/images%2FLaptop%20Dell%20Inspiron%20I3501-5075BLK%2FmainImage%2F_0003_6455737_sd.jpgmaxheight640maxwid-ksp.jpg?alt=media&token=1bd370bd-c0c4-4f41-9acd-ffddd19770be',999,10,'laptop','Intel 11th Generation Core i5-1135G7','12GB','256GB SSD PCIe','Intel Iris Xe Graphics','1366 x 768 pixels (HD+)','Windows 10 Home SL','Chỉn chu về thiết kế, màn hình 15.6 inches, Full HD','2021','1.5','Đã từ lâu, Dell chưa ra được thiết bị nào hoàn chỉnh cả về hiệu năng lẫn thiết kế. Nếu tối ưu hiệu năng thì sẽ thiếu sót ở thiết kế và ngược lại. Tuy nhiên, lần này, Dell đã mang đến cho chúng ta chiếc laptop Laptop Dell Inspiron I3501-5075BLK, cân bằng về cả hai yếu tố.','','','',''),(71,3,'iMac 24 2021 M1 8GPU 16GB 512GB ','https://firebasestorage.googleapis.com/v0/b/web-programing-288db.appspot.com/o/images%2FiMac%2024%202021%20M1%208GPU%2016GB%20512GB%20%2FmainImage%2Fimac-2021-1_2_2_1.jpg?alt=media&token=d1d504f9-ddbe-4d81-99b0-abda239d22f8',2499,8,'laptop','Apple M1 8 nhân','16GB','512GB SSD','GPU 8 nhân','4480 x 2520 (4.5K)','macOS',' iMac 2021 giúp cho bạn tối đa hóa trải nghiệm cũng như sử dụng máy được trơn tru nhất.','2021','1.5','Apple MacBook Pro 13 Touch Bar M1 16GB 512GB 2020 I Chính hãng Apple Việt Nam \nGiảm 4%\n\nApple MacBook Pro 13 Touch Bar M1 16GB 512GB 2020 I Chính hãng Apple Việt Nam\n45.000.000 ₫46.990.000 ₫      1 đánh giá\nSO SÁNH CHI TIẾT\niMac 24 2021 M1 8GPU 16GB 256GB I Chính hãng Apple Việt Nam\nGiảm 4%\n\niMac 24 2021 M1 8GPU 16GB 256GB I Chính hãng Apple Việt Nam\n44.000.000 ₫45.990.000 ₫      1 đánh giá\nSO SÁNH CHI TIẾT\nApple iMac 27 5K 2020 i5 3.3 8GB 512GB Radeon 5300 Chính Hãng (MXWU2)\nGiảm 20%\n\nApple iMac 27 5K 2020 i5 3.3 8GB 512GB Radeon 5300 Chính Hãng (MXWU2)\n39.500.000 ₫49.990.000 ₫      1 đánh giá\nSO SÁNH CHI TIẾT\nLaptop ASUS ROG Strix G15 G513QR-HQ264T\nGiảm 6%\n\nLaptop ASUS ROG Strix G15 G513QR-HQ264T\n45.890.000 ₫48.990.000 ₫      1 đánh giá\nSO SÁNH CHI TIẾT\nApple iMac 27 5K 2020 i5 3.1 8GB 256GB Radeon 5300 Chính Hãng (MXWT2)\nGiảm 21%\n\nApple iMac 27 5K 2020 i5 3.1 8GB 256GB Radeon 5300 Chính Hãng (MXWT2)\n39.000.000 ₫49.990.000 ₫      1 đánh giá\nSO SÁNH CHI TIẾT\nMáy tính iMac 24 2021 M1 8GPU 16GB 512GB vừa có dung lượng cao, vừa có cấu hình RAM cao. iMac 2021 giúp cho bạn tối đa hóa trải nghiệm cũng như sử dụng máy được trơn tru nhất. Với phiên bản iMac M1 24 inch 2021 này, Apple đã cải tiến rất nhiều tính năng khác nhau như webcam, mic, loa. Bên cạnh đó, máy còn trang bị tích hợp Touch ID, khả năng kết nối đa dạng.','','','',''),(72,3,'Apple Macbook Pro 16 Touch Bar I7 2.6 16GB 512GB','https://firebasestorage.googleapis.com/v0/b/web-programing-288db.appspot.com/o/images%2FApple%20Macbook%20Pro%2016%20Touch%20Bar%20I7%202.6%2016GB%20512GB%2FmainImage%2Fmacbook-pro-16-inch-2019-1.jpg?alt=media&token=31307cdc-f172-41bd-b9f9-4a897f1d18b1',2299,10,'laptop','Intel Core i7 2.6GHz 6‑core, Turbo Boost up to 4.5GHz, with 12MB shared L3 cache','16GB','512GB SSD','AMD Radeon Pro 5300M with 4GB of GDDR','3072 x 1920 pixels','MacOS','Màn hình kích thước lớn, tản nhiệt vượt trội','2019','1.5','Chiếc máy tính phá vỡ mọi quy tắc và giới hạn lộ diện bởi thương hiệu không còn xa lạ đó là Macbook pro 2019. Macbook Pro 16 inch 2019 Touch Bar sở hữu cấu hình siêu mạnh, màn hình lớn cùng với đó là bàn phím mới mang đến nhiều tiện ích.','','100-watt-hour lithium-polyme','','');
/*!40000 ALTER TABLE `product` ENABLE KEYS */;
UNLOCK TABLES;

--
-- Table structure for table `review`
--

DROP TABLE IF EXISTS `review`;
/*!40101 SET @saved_cs_client     = @@character_set_client */;
/*!50503 SET character_set_client = utf8mb4 */;
CREATE TABLE `review` (
  `review_id` int NOT NULL AUTO_INCREMENT,
  `product_id` int NOT NULL,
  `user_id` int NOT NULL,
  `content` text,
  `created_time` mediumtext,
  `number_star` int DEFAULT NULL,
  PRIMARY KEY (`review_id`,`product_id`,`user_id`),
  UNIQUE KEY `review_id` (`review_id`),
  KEY `product_id` (`product_id`),
  KEY `user_id` (`user_id`),
  CONSTRAINT `review_ibfk_1` FOREIGN KEY (`product_id`) REFERENCES `product` (`product_id`),
  CONSTRAINT `review_ibfk_2` FOREIGN KEY (`user_id`) REFERENCES `user` (`user_id`)
) ENGINE=InnoDB AUTO_INCREMENT=55 DEFAULT CHARSET=utf8mb4 COLLATE=utf8mb4_0900_ai_ci;
/*!40101 SET character_set_client = @saved_cs_client */;

--
-- Dumping data for table `review`
--

LOCK TABLES `review` WRITE;
/*!40000 ALTER TABLE `review` DISABLE KEYS */;
INSERT INTO `review` VALUES (4,49,8,'cung dc','1638071748391',5),(10,12,8,'cung dc','12342355',5),(11,12,8,'cung dc','12342355',5),(12,12,8,'cung dc','12342355',5),(13,12,8,'cung dc',NULL,5),(14,12,8,'cung dc','1638107687',5),(15,12,8,'Rất tuyệt vời','1638110835',4),(16,12,8,'Rất tuyệt vời','1638110839',4),(17,12,8,'Rất tuyệt vời','1638110843',4),(18,14,8,'Rất ổn','1638112461',4),(19,14,8,'rất tuyệt','1638112658',4),(20,14,8,'rất tuyệt','1638112807',4),(21,14,8,'Sản phẩm rất tốt dùng rất ok mua thử về xài','1638115398',4),(27,14,8,'Tốt lắm nha','1638147384',5),(28,39,13,'tuyệt','1638153802',4),(29,39,13,'ok','1638154467',4),(34,14,14,'cung dc','1638155389',5),(35,16,8,'máy chơi game ngon lắm','1638166709',5),(36,68,8,'sài ngon lắm','1638177909',5),(37,63,8,'pin trâu, màn hinh đẹp','1638178084',4),(38,58,8,'chơi game khá ok','1638179772',5),(39,12,15,'Admin cho em hỏi sản phẩm còn màu đen không ạ.','1638182520',5),(40,18,8,'máy nóng quá','1638197590',1),(41,18,8,'máy nóng quá','1638197591',1),(42,61,17,'điện thoại sài rất ok','1638204700',5),(43,12,13,'Màu đen','1638228046',4),(44,14,13,'Tuyệt','1638235724',5),(45,14,13,'Ok lắm','1638235734',2),(46,14,13,'Đẹp lắm ','1638235865',3),(47,12,15,'Em mới mua sản phẩm này ở shop, giá cả hợp lý, giá tiền vừa phải ','1638238987',5),(48,12,8,'ok','1638239546',5),(49,19,15,'Sản phẩm bên shop chất lượng tốt ','1638241487',4),(50,15,8,'ok','1638242837',5),(54,12,8,'ok','1638243981',3);
/*!40000 ALTER TABLE `review` ENABLE KEYS */;
UNLOCK TABLES;

--
-- Table structure for table `role`
--

DROP TABLE IF EXISTS `role`;
/*!40101 SET @saved_cs_client     = @@character_set_client */;
/*!50503 SET character_set_client = utf8mb4 */;
CREATE TABLE `role` (
  `role_id` int NOT NULL AUTO_INCREMENT,
  `role_name` varchar(25) NOT NULL,
  PRIMARY KEY (`role_id`),
  UNIQUE KEY `role_name` (`role_name`)
) ENGINE=InnoDB AUTO_INCREMENT=3 DEFAULT CHARSET=utf8mb4 COLLATE=utf8mb4_0900_ai_ci;
/*!40101 SET character_set_client = @saved_cs_client */;

--
-- Dumping data for table `role`
--

LOCK TABLES `role` WRITE;
/*!40000 ALTER TABLE `role` DISABLE KEYS */;
INSERT INTO `role` VALUES (2,'admin'),(1,'customer');
/*!40000 ALTER TABLE `role` ENABLE KEYS */;
UNLOCK TABLES;

--
-- Table structure for table `role_of_user`
--

DROP TABLE IF EXISTS `role_of_user`;
/*!40101 SET @saved_cs_client     = @@character_set_client */;
/*!50503 SET character_set_client = utf8mb4 */;
CREATE TABLE `role_of_user` (
  `user_id` int NOT NULL,
  `role_id` int NOT NULL,
  PRIMARY KEY (`user_id`,`role_id`),
  KEY `role_id` (`role_id`),
  CONSTRAINT `role_of_user_ibfk_1` FOREIGN KEY (`user_id`) REFERENCES `user` (`user_id`),
  CONSTRAINT `role_of_user_ibfk_2` FOREIGN KEY (`role_id`) REFERENCES `role` (`role_id`)
) ENGINE=InnoDB DEFAULT CHARSET=utf8mb4 COLLATE=utf8mb4_0900_ai_ci;
/*!40101 SET character_set_client = @saved_cs_client */;

--
-- Dumping data for table `role_of_user`
--

LOCK TABLES `role_of_user` WRITE;
/*!40000 ALTER TABLE `role_of_user` DISABLE KEYS */;
INSERT INTO `role_of_user` VALUES (12,1),(13,1),(15,1),(19,1),(8,2),(10,2),(11,2),(18,2);
/*!40000 ALTER TABLE `role_of_user` ENABLE KEYS */;
UNLOCK TABLES;

--
-- Table structure for table `user`
--

DROP TABLE IF EXISTS `user`;
/*!40101 SET @saved_cs_client     = @@character_set_client */;
/*!50503 SET character_set_client = utf8mb4 */;
CREATE TABLE `user` (
  `user_id` int NOT NULL AUTO_INCREMENT,
  `last_name` varchar(25) DEFAULT NULL,
  `first_name` varchar(25) DEFAULT NULL,
  `user_name` varchar(25) NOT NULL,
  `password` varchar(255) NOT NULL,
  `email` varchar(100) DEFAULT NULL,
  `address` text,
  `phone_number` varchar(11) DEFAULT NULL,
  `avatar_url` text,
  PRIMARY KEY (`user_id`),
  UNIQUE KEY `user_name` (`user_name`)
) ENGINE=InnoDB AUTO_INCREMENT=20 DEFAULT CHARSET=utf8mb4 COLLATE=utf8mb4_0900_ai_ci;
/*!40101 SET character_set_client = @saved_cs_client */;

--
-- Dumping data for table `user`
--

LOCK TABLES `user` WRITE;
/*!40000 ALTER TABLE `user` DISABLE KEYS */;
INSERT INTO `user` VALUES (8,'Lê','Vũ','tuanvu','1234','vu@gmail.com','dak nong','0919523753','http://localhost:8082/files?fileName=uploads/61a59f065c512Capture.PNG'),(10,'Đao Thanh','Tu','tudao','123456','tu@gmail.com','Bien Hoa','0919523753',NULL),(11,'Nguyễn Thế','Vien','thevien','123456','thevien@gmail.com','Gia Laij','09324545645',NULL),(12,'Dao',NULL,'tu123','1234','tu@gmail.com','biên hoa',NULL,NULL),(13,'Đao','Tú','tudaobku','123456','tu@gmail.com','Bien Hoa','0919523753','http://localhost:8082/files?fileName=uploads/61a5869e75972bach-khoa-tp-hcm1jpg.jpg'),(14,NULL,NULL,'letuanvu','123456','vu@gmail.com',NULL,NULL,NULL),(15,'Nguyễn Thế','Viễn','ntvien','1234','thevien898@gmail.com','99 Phú Mỹ, quận Bình Thạnh, TP.HCM','0367190549','http://localhost:8082/files?fileName=<'),(17,NULL,NULL,'vu','123456','vu@gmail.com',NULL,NULL,NULL),(18,'vu',NULL,'admin','12345','vu@gmail.com',NULL,NULL,NULL),(19,NULL,NULL,'tuanvu2323','123','dsa@gmail.com',NULL,NULL,NULL);
/*!40000 ALTER TABLE `user` ENABLE KEYS */;
UNLOCK TABLES;
/*!40103 SET TIME_ZONE=@OLD_TIME_ZONE */;

/*!40101 SET SQL_MODE=@OLD_SQL_MODE */;
/*!40014 SET FOREIGN_KEY_CHECKS=@OLD_FOREIGN_KEY_CHECKS */;
/*!40014 SET UNIQUE_CHECKS=@OLD_UNIQUE_CHECKS */;
/*!40101 SET CHARACTER_SET_CLIENT=@OLD_CHARACTER_SET_CLIENT */;
/*!40101 SET CHARACTER_SET_RESULTS=@OLD_CHARACTER_SET_RESULTS */;
/*!40101 SET COLLATION_CONNECTION=@OLD_COLLATION_CONNECTION */;
/*!40111 SET SQL_NOTES=@OLD_SQL_NOTES */;

-- Dump completed on 2021-11-30 10:55:29
